image_id,fname,growth_stage,date_captured
207927,C11_L01_01_005_207927.jpg,생육기,2021-09-18 17:06:21
208039,C11_L01_01_005_208039.jpg,생육기,2021-09-18 19:06:21
144869,C11_L01_01_006_144869.jpg,정식기,2021-08-31 09:37:42
146468,C11_L01_01_006_146468.jpg,정식기,2021-09-03 16:06:21
146496,C11_L01_01_006_146496.jpg,정식기,2021-09-03 17:06:21
146580,C11_L01_01_006_146580.jpg,정식기,2021-09-03 20:06:21
146832,C11_L01_01_006_146832.jpg,정식기,2021-09-04 09:06:21
146860,C11_L01_01_006_146860.jpg,정식기,2021-09-04 10:06:21
146888,C11_L01_01_006_146888.jpg,정식기,2021-09-04 11:06:21
146916,C11_L01_01_006_146916.jpg,정식기,2021-09-04 12:06:21
146972,C11_L01_01_006_146972.jpg,정식기,2021-09-04 14:06:21
147028,C11_L01_01_006_147028.jpg,정식기,2021-09-04 16:06:21
147056,C11_L01_01_006_147056.jpg,정식기,2021-09-04 17:06:21
147140,C11_L01_01_006_147140.jpg,정식기,2021-09-04 20:06:21
147196,C11_L01_01_006_147196.jpg,정식기,2021-09-04 22:06:21
147420,C11_L01_01_006_147420.jpg,정식기,2021-09-05 10:06:21
147448,C11_L01_01_006_147448.jpg,정식기,2021-09-05 11:06:21
147476,C11_L01_01_006_147476.jpg,정식기,2021-09-05 12:06:21
147504,C11_L01_01_006_147504.jpg,정식기,2021-09-05 13:06:21
147560,C11_L01_01_006_147560.jpg,정식기,2021-09-05 15:06:21
147588,C11_L01_01_006_147588.jpg,정식기,2021-09-05 16:06:21
147616,C11_L01_01_006_147616.jpg,정식기,2021-09-05 17:06:21
147644,C11_L01_01_006_147644.jpg,정식기,2021-09-05 18:06:21
147672,C11_L01_01_006_147672.jpg,정식기,2021-09-05 19:06:21
147728,C11_L01_01_006_147728.jpg,정식기,2021-09-05 21:06:21
156879,C11_L01_01_006_156879.jpg,정식기,2021-09-05 22:06:21
157131,C11_L01_01_006_157131.jpg,생육기,2021-09-06 09:06:21
157167,C11_L01_01_006_157167.jpg,생육기,2021-09-06 10:06:21
157247,C11_L01_01_006_157247.jpg,생육기,2021-09-06 12:06:21
157299,C11_L01_01_006_157299.jpg,생육기,2021-09-06 13:06:21
157403,C11_L01_01_006_157403.jpg,생육기,2021-09-06 15:06:21
157507,C11_L01_01_006_157507.jpg,생육기,2021-09-06 17:06:21
157562,C11_L01_01_006_157562.jpg,생육기,2021-09-06 18:06:21
157710,C11_L01_01_006_157710.jpg,생육기,2021-09-06 21:06:21
157762,C11_L01_01_006_157762.jpg,생육기,2021-09-06 22:06:21
158134,C11_L01_01_006_158134.jpg,생육기,2021-09-07 09:06:21
158186,C11_L01_01_006_158186.jpg,생육기,2021-09-07 10:06:21
158334,C11_L01_01_006_158334.jpg,생육기,2021-09-07 13:06:21
158386,C11_L01_01_006_158386.jpg,생육기,2021-09-07 14:06:21
158438,C11_L01_01_006_158438.jpg,생육기,2021-09-07 15:06:21
158490,C11_L01_01_006_158490.jpg,생육기,2021-09-07 16:06:21
159226,C11_L01_01_006_159226.jpg,생육기,2021-09-08 10:06:21
159278,C11_L01_01_006_159278.jpg,생육기,2021-09-08 11:06:21
164746,C11_L01_01_006_164746.jpg,생육기,2021-09-08 12:06:21
164798,C11_L01_01_006_164798.jpg,생육기,2021-09-08 13:06:21
164850,C11_L01_01_006_164850.jpg,생육기,2021-09-08 14:06:21
164902,C11_L01_01_006_164902.jpg,생육기,2021-09-08 15:06:21
164954,C11_L01_01_006_164954.jpg,생육기,2021-09-08 16:06:21
165006,C11_L01_01_006_165006.jpg,생육기,2021-09-08 17:06:21
165050,C11_L01_01_006_165050.jpg,생육기,2021-09-08 18:06:21
165102,C11_L01_01_006_165102.jpg,생육기,2021-09-08 19:06:21
165242,C11_L01_01_006_165242.jpg,생육기,2021-09-08 22:06:21
197399,C11_L01_01_006_197399.jpg,생육기,2021-09-09 10:06:21
197655,C11_L01_01_006_197655.jpg,생육기,2021-09-09 14:06:21
197719,C11_L01_01_006_197719.jpg,생육기,2021-09-09 15:06:21
197775,C11_L01_01_006_197775.jpg,생육기,2021-09-09 16:06:21
197839,C11_L01_01_006_197839.jpg,생육기,2021-09-09 17:06:21
197895,C11_L01_01_006_197895.jpg,생육기,2021-09-09 18:06:21
198011,C11_L01_01_006_198011.jpg,생육기,2021-09-09 20:06:21
198711,C11_L01_01_006_198711.jpg,생육기,2021-09-10 11:06:21
198775,C11_L01_01_006_198775.jpg,생육기,2021-09-10 12:06:21
198831,C11_L01_01_006_198831.jpg,생육기,2021-09-10 13:06:21
198895,C11_L01_01_006_198895.jpg,생육기,2021-09-10 14:06:21
199039,C11_L01_01_006_199039.jpg,생육기,2021-09-10 16:06:21
199163,C11_L01_01_006_199163.jpg,생육기,2021-09-10 18:06:21
199215,C11_L01_01_006_199215.jpg,생육기,2021-09-10 19:06:21
199267,C11_L01_01_006_199267.jpg,생육기,2021-09-10 20:06:21
199319,C11_L01_01_006_199319.jpg,생육기,2021-09-10 21:06:21
199379,C11_L01_01_006_199379.jpg,생육기,2021-09-10 22:06:21
199791,C11_L01_01_006_199791.jpg,생육기,2021-09-11 09:06:21
199971,C11_L01_01_006_199971.jpg,생육기,2021-09-11 12:06:21
200031,C11_L01_01_006_200031.jpg,생육기,2021-09-11 13:06:21
200151,C11_L01_01_006_200151.jpg,생육기,2021-09-11 15:06:21
200211,C11_L01_01_006_200211.jpg,생육기,2021-09-11 16:06:21
200271,C11_L01_01_006_200271.jpg,생육기,2021-09-11 17:06:21
200331,C11_L01_01_006_200331.jpg,생육기,2021-09-11 18:06:21
200443,C11_L01_01_006_200443.jpg,생육기,2021-09-11 20:06:21
200495,C11_L01_01_006_200495.jpg,생육기,2021-09-11 21:06:21
200983,C11_L01_01_006_200983.jpg,생육기,2021-09-12 09:06:21
201043,C11_L01_01_006_201043.jpg,생육기,2021-09-12 10:06:21
201103,C11_L01_01_006_201103.jpg,생육기,2021-09-12 11:06:21
201163,C11_L01_01_006_201163.jpg,생육기,2021-09-12 12:06:21
201275,C11_L01_01_006_201275.jpg,생육기,2021-09-12 14:06:21
201327,C11_L01_01_006_201327.jpg,생육기,2021-09-12 15:06:21
201387,C11_L01_01_006_201387.jpg,생육기,2021-09-12 16:06:21
201439,C11_L01_01_006_201439.jpg,생육기,2021-09-12 17:06:21
201671,C11_L01_01_006_201671.jpg,생육기,2021-09-12 21:06:21
201731,C11_L01_01_006_201731.jpg,생육기,2021-09-12 22:06:21
202211,C11_L01_01_006_202211.jpg,생육기,2021-09-13 10:06:21
202271,C11_L01_01_006_202271.jpg,생육기,2021-09-13 11:06:21
202331,C11_L01_01_006_202331.jpg,생육기,2021-09-13 12:06:21
202391,C11_L01_01_006_202391.jpg,생육기,2021-09-13 13:06:21
202451,C11_L01_01_006_202451.jpg,생육기,2021-09-13 14:06:21
202503,C11_L01_01_006_202503.jpg,생육기,2021-09-13 15:06:21
202563,C11_L01_01_006_202563.jpg,생육기,2021-09-13 16:06:21
202615,C11_L01_01_006_202615.jpg,생육기,2021-09-13 17:06:21
202667,C11_L01_01_006_202667.jpg,생육기,2021-09-13 18:06:21
202727,C11_L01_01_006_202727.jpg,생육기,2021-09-13 19:06:21
202787,C11_L01_01_006_202787.jpg,생육기,2021-09-13 20:06:21
202839,C11_L01_01_006_202839.jpg,생육기,2021-09-13 21:06:21
202899,C11_L01_01_006_202899.jpg,생육기,2021-09-13 22:06:21
203592,C11_L01_01_006_203592.jpg,생육기,2021-09-14 14:06:21
203652,C11_L01_01_006_203652.jpg,생육기,2021-09-14 15:06:21
203712,C11_L01_01_006_203712.jpg,생육기,2021-09-14 16:06:21
203764,C11_L01_01_006_203764.jpg,생육기,2021-09-14 17:06:21
203824,C11_L01_01_006_203824.jpg,생육기,2021-09-14 18:06:21
203884,C11_L01_01_006_203884.jpg,생육기,2021-09-14 19:06:21
203944,C11_L01_01_006_203944.jpg,생육기,2021-09-14 20:06:21
203996,C11_L01_01_006_203996.jpg,생육기,2021-09-14 21:06:21
204056,C11_L01_01_006_204056.jpg,생육기,2021-09-14 22:06:21
204452,C11_L01_01_006_204452.jpg,생육기,2021-09-15 09:06:21
204512,C11_L01_01_006_204512.jpg,생육기,2021-09-15 10:06:21
204572,C11_L01_01_006_204572.jpg,생육기,2021-09-15 11:06:21
204632,C11_L01_01_006_204632.jpg,생육기,2021-09-15 12:06:21
204752,C11_L01_01_006_204752.jpg,생육기,2021-09-15 14:06:21
204812,C11_L01_01_006_204812.jpg,생육기,2021-09-15 15:06:21
204872,C11_L01_01_006_204872.jpg,생육기,2021-09-15 16:06:21
204932,C11_L01_01_006_204932.jpg,생육기,2021-09-15 17:06:21
204992,C11_L01_01_006_204992.jpg,생육기,2021-09-15 18:06:21
205043,C11_L01_01_006_205043.jpg,생육기,2021-09-15 19:06:21
206332,C11_L01_01_006_206332.jpg,생육기,2021-09-17 10:06:21
206692,C11_L01_01_006_206692.jpg,생육기,2021-09-17 16:06:21
206752,C11_L01_01_006_206752.jpg,생육기,2021-09-17 17:06:21
206872,C11_L01_01_006_206872.jpg,생육기,2021-09-17 19:06:21
206992,C11_L01_01_006_206992.jpg,생육기,2021-09-17 21:06:21
207576,C11_L01_01_006_207576.jpg,생육기,2021-09-18 11:06:21
207696,C11_L01_01_006_207696.jpg,생육기,2021-09-18 13:06:21
207756,C11_L01_01_006_207756.jpg,생육기,2021-09-18 14:06:21
207816,C11_L01_01_006_207816.jpg,생육기,2021-09-18 15:06:21
207988,C11_L01_01_006_207988.jpg,생육기,2021-09-18 18:06:21
208040,C11_L01_01_006_208040.jpg,생육기,2021-09-18 19:06:21
208160,C11_L01_01_006_208160.jpg,생육기,2021-09-18 21:06:21
65425,C11_L01_01_006_65425.jpg,생육기,2021-09-05 14:06:21
144870,C11_L01_01_007_144870.jpg,정식기,2021-08-31 09:37:42
146441,C11_L01_01_007_146441.jpg,정식기,2021-09-03 15:06:21
146497,C11_L01_01_007_146497.jpg,정식기,2021-09-03 17:06:21
146581,C11_L01_01_007_146581.jpg,정식기,2021-09-03 20:06:21
146609,C11_L01_01_007_146609.jpg,정식기,2021-09-03 21:06:21
146637,C11_L01_01_007_146637.jpg,정식기,2021-09-03 22:06:21
146833,C11_L01_01_007_146833.jpg,정식기,2021-09-04 09:06:21
146861,C11_L01_01_007_146861.jpg,정식기,2021-09-04 10:06:21
146889,C11_L01_01_007_146889.jpg,정식기,2021-09-04 11:06:21
146917,C11_L01_01_007_146917.jpg,정식기,2021-09-04 12:06:21
146973,C11_L01_01_007_146973.jpg,정식기,2021-09-04 14:06:21
147057,C11_L01_01_007_147057.jpg,정식기,2021-09-04 17:06:21
147085,C11_L01_01_007_147085.jpg,정식기,2021-09-04 18:06:21
147113,C11_L01_01_007_147113.jpg,정식기,2021-09-04 19:06:21
147141,C11_L01_01_007_147141.jpg,정식기,2021-09-04 20:06:21
147197,C11_L01_01_007_147197.jpg,정식기,2021-09-04 22:06:21
147393,C11_L01_01_007_147393.jpg,정식기,2021-09-05 09:06:21
147421,C11_L01_01_007_147421.jpg,정식기,2021-09-05 10:06:21
147449,C11_L01_01_007_147449.jpg,정식기,2021-09-05 11:06:21
147477,C11_L01_01_007_147477.jpg,정식기,2021-09-05 12:06:21
147505,C11_L01_01_007_147505.jpg,정식기,2021-09-05 13:06:21
147589,C11_L01_01_007_147589.jpg,정식기,2021-09-05 16:06:21
147645,C11_L01_01_007_147645.jpg,정식기,2021-09-05 18:06:21
147729,C11_L01_01_007_147729.jpg,정식기,2021-09-05 21:06:21
157133,C11_L01_01_007_157133.jpg,생육기,2021-09-06 09:06:21
157169,C11_L01_01_007_157169.jpg,생육기,2021-09-06 10:06:21
157249,C11_L01_01_007_157249.jpg,생육기,2021-09-06 12:06:21
157301,C11_L01_01_007_157301.jpg,생육기,2021-09-06 13:06:21
157353,C11_L01_01_007_157353.jpg,생육기,2021-09-06 14:06:21
157405,C11_L01_01_007_157405.jpg,생육기,2021-09-06 15:06:21
157457,C11_L01_01_007_157457.jpg,생육기,2021-09-06 16:06:21
157509,C11_L01_01_007_157509.jpg,생육기,2021-09-06 17:06:21
157564,C11_L01_01_007_157564.jpg,생육기,2021-09-06 18:06:21
157616,C11_L01_01_007_157616.jpg,생육기,2021-09-06 19:06:21
157712,C11_L01_01_007_157712.jpg,생육기,2021-09-06 21:06:21
157764,C11_L01_01_007_157764.jpg,생육기,2021-09-06 22:06:21
158284,C11_L01_01_007_158284.jpg,생육기,2021-09-07 12:06:21
158336,C11_L01_01_007_158336.jpg,생육기,2021-09-07 13:06:21
158440,C11_L01_01_007_158440.jpg,생육기,2021-09-07 15:06:21
159228,C11_L01_01_007_159228.jpg,생육기,2021-09-08 10:06:21
159280,C11_L01_01_007_159280.jpg,생육기,2021-09-08 11:06:21
164800,C11_L01_01_007_164800.jpg,생육기,2021-09-08 13:06:21
164852,C11_L01_01_007_164852.jpg,생육기,2021-09-08 14:06:21
164904,C11_L01_01_007_164904.jpg,생육기,2021-09-08 15:06:21
164956,C11_L01_01_007_164956.jpg,생육기,2021-09-08 16:06:21
165008,C11_L01_01_007_165008.jpg,생육기,2021-09-08 17:06:21
165052,C11_L01_01_007_165052.jpg,생육기,2021-09-08 18:06:21
165104,C11_L01_01_007_165104.jpg,생육기,2021-09-08 19:06:21
165148,C11_L01_01_007_165148.jpg,생육기,2021-09-08 20:06:21
165244,C11_L01_01_007_165244.jpg,생육기,2021-09-08 22:06:21
197336,C11_L01_01_007_197336.jpg,생육기,2021-09-09 09:06:21
197400,C11_L01_01_007_197400.jpg,생육기,2021-09-09 10:06:21
197464,C11_L01_01_007_197464.jpg,생육기,2021-09-09 11:06:21
197528,C11_L01_01_007_197528.jpg,생육기,2021-09-09 12:06:21
197720,C11_L01_01_007_197720.jpg,생육기,2021-09-09 15:06:21
197776,C11_L01_01_007_197776.jpg,생육기,2021-09-09 16:06:21
197840,C11_L01_01_007_197840.jpg,생육기,2021-09-09 17:06:21
197896,C11_L01_01_007_197896.jpg,생육기,2021-09-09 18:06:21
198012,C11_L01_01_007_198012.jpg,생육기,2021-09-09 20:06:21
198584,C11_L01_01_007_198584.jpg,생육기,2021-09-10 09:06:21
198712,C11_L01_01_007_198712.jpg,생육기,2021-09-10 11:06:21
198776,C11_L01_01_007_198776.jpg,생육기,2021-09-10 12:06:21
198832,C11_L01_01_007_198832.jpg,생육기,2021-09-10 13:06:21
198896,C11_L01_01_007_198896.jpg,생육기,2021-09-10 14:06:21
199104,C11_L01_01_007_199104.jpg,생육기,2021-09-10 17:06:21
199164,C11_L01_01_007_199164.jpg,생육기,2021-09-10 18:06:21
199320,C11_L01_01_007_199320.jpg,생육기,2021-09-10 21:06:21
199792,C11_L01_01_007_199792.jpg,생육기,2021-09-11 09:06:21
199852,C11_L01_01_007_199852.jpg,생육기,2021-09-11 10:06:21
199972,C11_L01_01_007_199972.jpg,생육기,2021-09-11 12:06:21
200032,C11_L01_01_007_200032.jpg,생육기,2021-09-11 13:06:21
200092,C11_L01_01_007_200092.jpg,생육기,2021-09-11 14:06:21
200152,C11_L01_01_007_200152.jpg,생육기,2021-09-11 15:06:21
200212,C11_L01_01_007_200212.jpg,생육기,2021-09-11 16:06:21
200272,C11_L01_01_007_200272.jpg,생육기,2021-09-11 17:06:21
200332,C11_L01_01_007_200332.jpg,생육기,2021-09-11 18:06:21
200392,C11_L01_01_007_200392.jpg,생육기,2021-09-11 19:06:21
200444,C11_L01_01_007_200444.jpg,생육기,2021-09-11 20:06:21
200556,C11_L01_01_007_200556.jpg,생육기,2021-09-11 22:06:21
200984,C11_L01_01_007_200984.jpg,생육기,2021-09-12 09:06:21
201044,C11_L01_01_007_201044.jpg,생육기,2021-09-12 10:06:21
201104,C11_L01_01_007_201104.jpg,생육기,2021-09-12 11:06:21
201164,C11_L01_01_007_201164.jpg,생육기,2021-09-12 12:06:21
201224,C11_L01_01_007_201224.jpg,생육기,2021-09-12 13:06:21
201328,C11_L01_01_007_201328.jpg,생육기,2021-09-12 15:06:21
201388,C11_L01_01_007_201388.jpg,생육기,2021-09-12 16:06:21
201440,C11_L01_01_007_201440.jpg,생육기,2021-09-12 17:06:21
201500,C11_L01_01_007_201500.jpg,생육기,2021-09-12 18:06:21
201620,C11_L01_01_007_201620.jpg,생육기,2021-09-12 20:06:21
201672,C11_L01_01_007_201672.jpg,생육기,2021-09-12 21:06:21
201732,C11_L01_01_007_201732.jpg,생육기,2021-09-12 22:06:21
202212,C11_L01_01_007_202212.jpg,생육기,2021-09-13 10:06:21
202272,C11_L01_01_007_202272.jpg,생육기,2021-09-13 11:06:21
202452,C11_L01_01_007_202452.jpg,생육기,2021-09-13 14:06:21
202504,C11_L01_01_007_202504.jpg,생육기,2021-09-13 15:06:21
202564,C11_L01_01_007_202564.jpg,생육기,2021-09-13 16:06:21
202616,C11_L01_01_007_202616.jpg,생육기,2021-09-13 17:06:21
202668,C11_L01_01_007_202668.jpg,생육기,2021-09-13 18:06:21
202728,C11_L01_01_007_202728.jpg,생육기,2021-09-13 19:06:21
202788,C11_L01_01_007_202788.jpg,생육기,2021-09-13 20:06:21
202840,C11_L01_01_007_202840.jpg,생육기,2021-09-13 21:06:21
202900,C11_L01_01_007_202900.jpg,생육기,2021-09-13 22:06:21
203593,C11_L01_01_007_203593.jpg,생육기,2021-09-14 14:06:21
203713,C11_L01_01_007_203713.jpg,생육기,2021-09-14 16:06:21
203765,C11_L01_01_007_203765.jpg,생육기,2021-09-14 17:06:21
203885,C11_L01_01_007_203885.jpg,생육기,2021-09-14 19:06:21
203945,C11_L01_01_007_203945.jpg,생육기,2021-09-14 20:06:21
204453,C11_L01_01_007_204453.jpg,생육기,2021-09-15 09:06:21
204513,C11_L01_01_007_204513.jpg,생육기,2021-09-15 10:06:21
204633,C11_L01_01_007_204633.jpg,생육기,2021-09-15 12:06:21
204753,C11_L01_01_007_204753.jpg,생육기,2021-09-15 14:06:21
204813,C11_L01_01_007_204813.jpg,생육기,2021-09-15 15:06:21
204873,C11_L01_01_007_204873.jpg,생육기,2021-09-15 16:06:21
204933,C11_L01_01_007_204933.jpg,생육기,2021-09-15 17:06:21
206333,C11_L01_01_007_206333.jpg,생육기,2021-09-17 10:06:21
206393,C11_L01_01_007_206393.jpg,생육기,2021-09-17 11:06:21
206633,C11_L01_01_007_206633.jpg,생육기,2021-09-17 15:06:21
206753,C11_L01_01_007_206753.jpg,생육기,2021-09-17 17:06:21
206813,C11_L01_01_007_206813.jpg,생육기,2021-09-17 18:06:21
206933,C11_L01_01_007_206933.jpg,생육기,2021-09-17 20:06:21
207637,C11_L01_01_007_207637.jpg,생육기,2021-09-18 12:06:21
207697,C11_L01_01_007_207697.jpg,생육기,2021-09-18 13:06:21
207757,C11_L01_01_007_207757.jpg,생육기,2021-09-18 14:06:21
207817,C11_L01_01_007_207817.jpg,생육기,2021-09-18 15:06:21
207877,C11_L01_01_007_207877.jpg,생육기,2021-09-18 16:06:21
207989,C11_L01_01_007_207989.jpg,생육기,2021-09-18 18:06:21
208041,C11_L01_01_007_208041.jpg,생육기,2021-09-18 19:06:21
208101,C11_L01_01_007_208101.jpg,생육기,2021-09-18 20:06:21
208161,C11_L01_01_007_208161.jpg,생육기,2021-09-18 21:06:21
144871,C11_L01_01_008_144871.jpg,정식기,2021-08-31 09:37:42
146442,C11_L01_01_008_146442.jpg,정식기,2021-09-03 15:06:21
146470,C11_L01_01_008_146470.jpg,정식기,2021-09-03 16:06:21
146582,C11_L01_01_008_146582.jpg,정식기,2021-09-03 20:06:21
146610,C11_L01_01_008_146610.jpg,정식기,2021-09-03 21:06:21
146638,C11_L01_01_008_146638.jpg,정식기,2021-09-03 22:06:21
146834,C11_L01_01_008_146834.jpg,정식기,2021-09-04 09:06:21
146862,C11_L01_01_008_146862.jpg,정식기,2021-09-04 10:06:21
146890,C11_L01_01_008_146890.jpg,정식기,2021-09-04 11:06:21
146918,C11_L01_01_008_146918.jpg,정식기,2021-09-04 12:06:21
146946,C11_L01_01_008_146946.jpg,정식기,2021-09-04 13:06:21
147002,C11_L01_01_008_147002.jpg,정식기,2021-09-04 15:06:21
147030,C11_L01_01_008_147030.jpg,정식기,2021-09-04 16:06:21
147114,C11_L01_01_008_147114.jpg,정식기,2021-09-04 19:06:21
147142,C11_L01_01_008_147142.jpg,정식기,2021-09-04 20:06:21
147170,C11_L01_01_008_147170.jpg,정식기,2021-09-04 21:06:21
147198,C11_L01_01_008_147198.jpg,정식기,2021-09-04 22:06:21
147394,C11_L01_01_008_147394.jpg,정식기,2021-09-05 09:06:21
147422,C11_L01_01_008_147422.jpg,정식기,2021-09-05 10:06:21
147450,C11_L01_01_008_147450.jpg,정식기,2021-09-05 11:06:21
147478,C11_L01_01_008_147478.jpg,정식기,2021-09-05 12:06:21
147506,C11_L01_01_008_147506.jpg,정식기,2021-09-05 13:06:21
147562,C11_L01_01_008_147562.jpg,정식기,2021-09-05 15:06:21
147590,C11_L01_01_008_147590.jpg,정식기,2021-09-05 16:06:21
147646,C11_L01_01_008_147646.jpg,정식기,2021-09-05 18:06:21
147674,C11_L01_01_008_147674.jpg,정식기,2021-09-05 19:06:21
147702,C11_L01_01_008_147702.jpg,정식기,2021-09-05 20:06:21
147730,C11_L01_01_008_147730.jpg,정식기,2021-09-05 21:06:21
157132,C11_L01_01_008_157132.jpg,생육기,2021-09-06 09:06:21
157168,C11_L01_01_008_157168.jpg,생육기,2021-09-06 10:06:21
157204,C11_L01_01_008_157204.jpg,생육기,2021-09-06 11:06:21
157248,C11_L01_01_008_157248.jpg,생육기,2021-09-06 12:06:21
157352,C11_L01_01_008_157352.jpg,생육기,2021-09-06 14:06:21
157456,C11_L01_01_008_157456.jpg,생육기,2021-09-06 16:06:21
157508,C11_L01_01_008_157508.jpg,생육기,2021-09-06 17:06:21
157563,C11_L01_01_008_157563.jpg,생육기,2021-09-06 18:06:21
157615,C11_L01_01_008_157615.jpg,생육기,2021-09-06 19:06:21
157667,C11_L01_01_008_157667.jpg,생육기,2021-09-06 20:06:21
157763,C11_L01_01_008_157763.jpg,생육기,2021-09-06 22:06:21
158135,C11_L01_01_008_158135.jpg,생육기,2021-09-07 09:06:21
158187,C11_L01_01_008_158187.jpg,생육기,2021-09-07 10:06:21
158335,C11_L01_01_008_158335.jpg,생육기,2021-09-07 13:06:21
158387,C11_L01_01_008_158387.jpg,생육기,2021-09-07 14:06:21
158491,C11_L01_01_008_158491.jpg,생육기,2021-09-07 16:06:21
159227,C11_L01_01_008_159227.jpg,생육기,2021-09-08 10:06:21
159279,C11_L01_01_008_159279.jpg,생육기,2021-09-08 11:06:21
164747,C11_L01_01_008_164747.jpg,생육기,2021-09-08 12:06:21
164851,C11_L01_01_008_164851.jpg,생육기,2021-09-08 14:06:21
164903,C11_L01_01_008_164903.jpg,생육기,2021-09-08 15:06:21
164955,C11_L01_01_008_164955.jpg,생육기,2021-09-08 16:06:21
165007,C11_L01_01_008_165007.jpg,생육기,2021-09-08 17:06:21
165051,C11_L01_01_008_165051.jpg,생육기,2021-09-08 18:06:21
165103,C11_L01_01_008_165103.jpg,생육기,2021-09-08 19:06:21
165147,C11_L01_01_008_165147.jpg,생육기,2021-09-08 20:06:21
165199,C11_L01_01_008_165199.jpg,생육기,2021-09-08 21:06:21
165243,C11_L01_01_008_165243.jpg,생육기,2021-09-08 22:06:21
197396,C11_L01_01_008_197396.jpg,생육기,2021-09-09 10:06:21
197652,C11_L01_01_008_197652.jpg,생육기,2021-09-09 14:06:21
197716,C11_L01_01_008_197716.jpg,생육기,2021-09-09 15:06:21
197772,C11_L01_01_008_197772.jpg,생육기,2021-09-09 16:06:21
197836,C11_L01_01_008_197836.jpg,생육기,2021-09-09 17:06:21
198008,C11_L01_01_008_198008.jpg,생육기,2021-09-09 20:06:21
198772,C11_L01_01_008_198772.jpg,생육기,2021-09-10 12:06:21
198828,C11_L01_01_008_198828.jpg,생육기,2021-09-10 13:06:21
198892,C11_L01_01_008_198892.jpg,생육기,2021-09-10 14:06:21
198956,C11_L01_01_008_198956.jpg,생육기,2021-09-10 15:06:21
199100,C11_L01_01_008_199100.jpg,생육기,2021-09-10 17:06:21
199160,C11_L01_01_008_199160.jpg,생육기,2021-09-10 18:06:21
199212,C11_L01_01_008_199212.jpg,생육기,2021-09-10 19:06:21
199264,C11_L01_01_008_199264.jpg,생육기,2021-09-10 20:06:21
199316,C11_L01_01_008_199316.jpg,생육기,2021-09-10 21:06:21
199376,C11_L01_01_008_199376.jpg,생육기,2021-09-10 22:06:21
199788,C11_L01_01_008_199788.jpg,생육기,2021-09-11 09:06:21
199848,C11_L01_01_008_199848.jpg,생육기,2021-09-11 10:06:21
199908,C11_L01_01_008_199908.jpg,생육기,2021-09-11 11:06:21
199968,C11_L01_01_008_199968.jpg,생육기,2021-09-11 12:06:21
200028,C11_L01_01_008_200028.jpg,생육기,2021-09-11 13:06:21
200088,C11_L01_01_008_200088.jpg,생육기,2021-09-11 14:06:21
200268,C11_L01_01_008_200268.jpg,생육기,2021-09-11 17:06:21
200328,C11_L01_01_008_200328.jpg,생육기,2021-09-11 18:06:21
200388,C11_L01_01_008_200388.jpg,생육기,2021-09-11 19:06:21
200440,C11_L01_01_008_200440.jpg,생육기,2021-09-11 20:06:21
200492,C11_L01_01_008_200492.jpg,생육기,2021-09-11 21:06:21
200552,C11_L01_01_008_200552.jpg,생육기,2021-09-11 22:06:21
200980,C11_L01_01_008_200980.jpg,생육기,2021-09-12 09:06:21
201040,C11_L01_01_008_201040.jpg,생육기,2021-09-12 10:06:21
201100,C11_L01_01_008_201100.jpg,생육기,2021-09-12 11:06:21
201220,C11_L01_01_008_201220.jpg,생육기,2021-09-12 13:06:21
201272,C11_L01_01_008_201272.jpg,생육기,2021-09-12 14:06:21
201324,C11_L01_01_008_201324.jpg,생육기,2021-09-12 15:06:21
201436,C11_L01_01_008_201436.jpg,생육기,2021-09-12 17:06:21
201496,C11_L01_01_008_201496.jpg,생육기,2021-09-12 18:06:21
201616,C11_L01_01_008_201616.jpg,생육기,2021-09-12 20:06:21
201668,C11_L01_01_008_201668.jpg,생육기,2021-09-12 21:06:21
201728,C11_L01_01_008_201728.jpg,생육기,2021-09-12 22:06:21
202208,C11_L01_01_008_202208.jpg,생육기,2021-09-13 10:06:21
202268,C11_L01_01_008_202268.jpg,생육기,2021-09-13 11:06:21
202328,C11_L01_01_008_202328.jpg,생육기,2021-09-13 12:06:21
202388,C11_L01_01_008_202388.jpg,생육기,2021-09-13 13:06:21
202448,C11_L01_01_008_202448.jpg,생육기,2021-09-13 14:06:21
202500,C11_L01_01_008_202500.jpg,생육기,2021-09-13 15:06:21
202612,C11_L01_01_008_202612.jpg,생육기,2021-09-13 17:06:21
202664,C11_L01_01_008_202664.jpg,생육기,2021-09-13 18:06:21
202724,C11_L01_01_008_202724.jpg,생육기,2021-09-13 19:06:21
202784,C11_L01_01_008_202784.jpg,생육기,2021-09-13 20:06:21
202836,C11_L01_01_008_202836.jpg,생육기,2021-09-13 21:06:21
203589,C11_L01_01_008_203589.jpg,생육기,2021-09-14 14:06:21
203649,C11_L01_01_008_203649.jpg,생육기,2021-09-14 15:06:21
203761,C11_L01_01_008_203761.jpg,생육기,2021-09-14 17:06:21
203821,C11_L01_01_008_203821.jpg,생육기,2021-09-14 18:06:21
203881,C11_L01_01_008_203881.jpg,생육기,2021-09-14 19:06:21
203993,C11_L01_01_008_203993.jpg,생육기,2021-09-14 21:06:21
204053,C11_L01_01_008_204053.jpg,생육기,2021-09-14 22:06:21
204449,C11_L01_01_008_204449.jpg,생육기,2021-09-15 09:06:21
204509,C11_L01_01_008_204509.jpg,생육기,2021-09-15 10:06:21
204569,C11_L01_01_008_204569.jpg,생육기,2021-09-15 11:06:21
204629,C11_L01_01_008_204629.jpg,생육기,2021-09-15 12:06:21
204689,C11_L01_01_008_204689.jpg,생육기,2021-09-15 13:06:21
204749,C11_L01_01_008_204749.jpg,생육기,2021-09-15 14:06:21
204809,C11_L01_01_008_204809.jpg,생육기,2021-09-15 15:06:21
204869,C11_L01_01_008_204869.jpg,생육기,2021-09-15 16:06:21
204989,C11_L01_01_008_204989.jpg,생육기,2021-09-15 18:06:21
205040,C11_L01_01_008_205040.jpg,생육기,2021-09-15 19:06:21
206329,C11_L01_01_008_206329.jpg,생육기,2021-09-17 10:06:21
206389,C11_L01_01_008_206389.jpg,생육기,2021-09-17 11:06:21
206449,C11_L01_01_008_206449.jpg,생육기,2021-09-17 12:06:21
206569,C11_L01_01_008_206569.jpg,생육기,2021-09-17 14:06:21
206629,C11_L01_01_008_206629.jpg,생육기,2021-09-17 15:06:21
206749,C11_L01_01_008_206749.jpg,생육기,2021-09-17 17:06:21
206809,C11_L01_01_008_206809.jpg,생육기,2021-09-17 18:06:21
207573,C11_L01_01_008_207573.jpg,생육기,2021-09-18 11:06:21
207753,C11_L01_01_008_207753.jpg,생육기,2021-09-18 14:06:21
207813,C11_L01_01_008_207813.jpg,생육기,2021-09-18 15:06:21
207985,C11_L01_01_008_207985.jpg,생육기,2021-09-18 18:06:21
208097,C11_L01_01_008_208097.jpg,생육기,2021-09-18 20:06:21
391959,C11_L01_01_008_391959.jpg,생육기,2021-09-19 16:06:21
65427,C11_L01_01_008_65427.jpg,생육기,2021-09-05 14:06:21
495761,C11_L01_02_001_495761.jpg,정식기,2021-10-07 12:06:21
495765,C11_L01_02_001_495765.jpg,정식기,2021-10-07 13:06:21
495768,C11_L01_02_001_495768.jpg,정식기,2021-10-07 14:06:21
495776,C11_L01_02_001_495776.jpg,정식기,2021-10-07 16:06:21
495780,C11_L01_02_001_495780.jpg,정식기,2021-10-07 17:06:21
495792,C11_L01_02_001_495792.jpg,정식기,2021-10-07 19:06:21
495805,C11_L01_02_001_495805.jpg,정식기,2021-10-07 21:06:21
495837,C11_L01_02_001_495837.jpg,정식기,2021-10-08 07:06:21
495851,C11_L01_02_001_495851.jpg,정식기,2021-10-08 08:06:21
495859,C11_L01_02_001_495859.jpg,정식기,2021-10-08 09:06:21
495875,C11_L01_02_001_495875.jpg,정식기,2021-10-08 11:41:42
495883,C11_L01_02_001_495883.jpg,정식기,2021-10-08 12:41:42
495891,C11_L01_02_001_495891.jpg,정식기,2021-10-08 13:41:42
495899,C11_L01_02_001_495899.jpg,정식기,2021-10-08 14:41:42
495907,C11_L01_02_001_495907.jpg,정식기,2021-10-08 15:41:42
495915,C11_L01_02_001_495915.jpg,정식기,2021-10-08 16:41:42
495923,C11_L01_02_001_495923.jpg,정식기,2021-10-08 16:51:21
497862,C11_L01_02_001_497862.jpg,정식기,2021-10-18 09:57:22
497879,C11_L01_02_001_497879.jpg,정식기,2021-10-18 14:38:06
497904,C11_L01_02_001_497904.jpg,정식기,2021-10-18 14:57:22
497921,C11_L01_02_001_497921.jpg,정식기,2021-10-18 15:57:22
497929,C11_L01_02_001_497929.jpg,정식기,2021-10-18 16:57:22
497946,C11_L01_02_001_497946.jpg,정식기,2021-10-18 17:57:22
497971,C11_L01_02_001_497971.jpg,정식기,2021-10-19 07:57:22
497979,C11_L01_02_001_497979.jpg,정식기,2021-10-19 08:57:22
497987,C11_L01_02_001_497987.jpg,정식기,2021-10-19 09:57:22
497995,C11_L01_02_001_497995.jpg,정식기,2021-10-19 10:57:22
498003,C11_L01_02_001_498003.jpg,정식기,2021-10-19 11:57:22
498011,C11_L01_02_001_498011.jpg,정식기,2021-10-19 12:57:22
498028,C11_L01_02_001_498028.jpg,정식기,2021-10-19 13:57:22
498053,C11_L01_02_001_498053.jpg,정식기,2021-10-19 15:57:22
498061,C11_L01_02_001_498061.jpg,정식기,2021-10-19 16:57:22
498069,C11_L01_02_001_498069.jpg,정식기,2021-10-19 17:57:22
498086,C11_L01_02_001_498086.jpg,생육기,2021-10-20 06:57:22
498094,C11_L01_02_001_498094.jpg,생육기,2021-10-20 07:57:22
498102,C11_L01_02_001_498102.jpg,생육기,2021-10-20 08:57:22
498110,C11_L01_02_001_498110.jpg,생육기,2021-10-20 09:57:22
498127,C11_L01_02_001_498127.jpg,생육기,2021-10-20 10:57:22
498143,C11_L01_02_001_498143.jpg,생육기,2021-10-20 12:57:22
498151,C11_L01_02_001_498151.jpg,생육기,2021-10-20 13:57:22
498159,C11_L01_02_001_498159.jpg,생육기,2021-10-20 14:57:22
498167,C11_L01_02_001_498167.jpg,생육기,2021-10-20 15:57:22
498309,C11_L01_02_001_498309.jpg,생육기,2021-10-22 06:57:22
498317,C11_L01_02_001_498317.jpg,생육기,2021-10-22 07:57:22
498325,C11_L01_02_001_498325.jpg,생육기,2021-10-22 08:57:22
498333,C11_L01_02_001_498333.jpg,생육기,2021-10-22 09:57:22
498341,C11_L01_02_001_498341.jpg,생육기,2021-10-22 10:57:22
498349,C11_L01_02_001_498349.jpg,생육기,2021-10-22 11:57:22
498366,C11_L01_02_001_498366.jpg,생육기,2021-10-22 12:57:22
498410,C11_L01_02_001_498410.jpg,생육기,2021-10-22 13:57:22
498435,C11_L01_02_001_498435.jpg,생육기,2021-10-22 15:57:22
498443,C11_L01_02_001_498443.jpg,생육기,2021-10-22 16:57:22
498451,C11_L01_02_001_498451.jpg,생육기,2021-10-22 17:57:22
498468,C11_L01_02_001_498468.jpg,생육기,2021-10-23 06:57:22
498501,C11_L01_02_001_498501.jpg,생육기,2021-10-23 08:57:22
498509,C11_L01_02_001_498509.jpg,생육기,2021-10-23 09:57:22
498517,C11_L01_02_001_498517.jpg,생육기,2021-10-23 10:57:22
498525,C11_L01_02_001_498525.jpg,생육기,2021-10-23 11:57:22
498533,C11_L01_02_001_498533.jpg,생육기,2021-10-23 12:57:22
498550,C11_L01_02_001_498550.jpg,생육기,2021-10-23 13:57:22
498558,C11_L01_02_001_498558.jpg,생육기,2021-10-23 14:57:22
498566,C11_L01_02_001_498566.jpg,생육기,2021-10-23 15:57:22
498574,C11_L01_02_001_498574.jpg,생육기,2021-10-23 16:57:22
498591,C11_L01_02_001_498591.jpg,생육기,2021-10-23 17:57:22
498599,C11_L01_02_001_498599.jpg,생육기,2021-10-24 06:57:22
498607,C11_L01_02_001_498607.jpg,생육기,2021-10-24 07:57:22
498615,C11_L01_02_001_498615.jpg,생육기,2021-10-24 08:57:22
498632,C11_L01_02_001_498632.jpg,생육기,2021-10-24 09:57:22
498640,C11_L01_02_001_498640.jpg,생육기,2021-10-24 10:57:22
498648,C11_L01_02_001_498648.jpg,생육기,2021-10-24 11:57:22
498656,C11_L01_02_001_498656.jpg,생육기,2021-10-24 12:57:22
498686,C11_L01_02_001_498686.jpg,생육기,2021-10-24 14:57:22
498782,C11_L01_02_001_498782.jpg,생육기,2021-10-24 17:57:22
498804,C11_L01_02_001_498804.jpg,생육기,2021-10-25 06:57:22
498812,C11_L01_02_001_498812.jpg,생육기,2021-10-25 07:57:22
498820,C11_L01_02_001_498820.jpg,생육기,2021-10-25 08:57:22
498828,C11_L01_02_001_498828.jpg,생육기,2021-10-25 09:57:22
498855,C11_L01_02_001_498855.jpg,생육기,2021-10-25 10:57:22
498863,C11_L01_02_001_498863.jpg,생육기,2021-10-25 11:57:22
498871,C11_L01_02_001_498871.jpg,생육기,2021-10-25 12:57:22
498879,C11_L01_02_001_498879.jpg,생육기,2021-10-25 13:57:22
498887,C11_L01_02_001_498887.jpg,생육기,2021-10-25 14:57:22
498895,C11_L01_02_001_498895.jpg,생육기,2021-10-25 15:57:22
498903,C11_L01_02_001_498903.jpg,생육기,2021-10-25 16:57:22
498911,C11_L01_02_001_498911.jpg,생육기,2021-10-25 17:57:22
498930,C11_L01_02_001_498930.jpg,생육기,2021-10-26 06:57:22
498938,C11_L01_02_001_498938.jpg,생육기,2021-10-26 07:57:22
498964,C11_L01_02_001_498964.jpg,생육기,2021-10-26 09:57:22
498982,C11_L01_02_001_498982.jpg,생육기,2021-10-26 10:57:22
498990,C11_L01_02_001_498990.jpg,생육기,2021-10-26 11:57:22
499023,C11_L01_02_001_499023.jpg,생육기,2021-10-26 12:57:22
499036,C11_L01_02_001_499036.jpg,생육기,2021-10-26 13:57:22
499049,C11_L01_02_001_499049.jpg,생육기,2021-10-26 14:57:22
499123,C11_L01_02_001_499123.jpg,생육기,2021-10-26 16:57:22
499131,C11_L01_02_001_499131.jpg,생육기,2021-10-26 17:57:22
499148,C11_L01_02_001_499148.jpg,생육기,2021-10-27 06:57:22
499172,C11_L01_02_001_499172.jpg,생육기,2021-10-27 09:57:22
499189,C11_L01_02_001_499189.jpg,생육기,2021-10-27 10:57:22
499197,C11_L01_02_001_499197.jpg,생육기,2021-10-27 11:57:22
499214,C11_L01_02_001_499214.jpg,생육기,2021-10-27 12:57:22
499241,C11_L01_02_001_499241.jpg,생육기,2021-10-27 13:57:22
