image_id,fname,growth_stage,date_captured,estimated_days_elapsed
617108,C11_L01_03_001_617108.jpg,생육기,2021-12-07 13:43:04,17
617116,C11_L01_03_001_617116.jpg,생육기,2021-12-07 14:43:04,17
617124,C11_L01_03_001_617124.jpg,생육기,2021-12-07 15:43:04,18
617132,C11_L01_03_001_617132.jpg,생육기,2021-12-07 16:43:04,18
617148,C11_L01_03_001_617148.jpg,생육기,2021-12-08 07:43:04,18
617162,C11_L01_03_001_617162.jpg,생육기,2021-12-08 08:43:04,18
617382,C11_L01_03_001_617382.jpg,생육기,2021-12-08 09:43:04,18
617434,C11_L01_03_001_617434.jpg,생육기,2021-12-08 10:43:04,18
617454,C11_L01_03_001_617454.jpg,생육기,2021-12-08 11:43:04,18
617660,C11_L01_03_001_617660.jpg,생육기,2021-12-08 12:43:04,18
617668,C11_L01_03_001_617668.jpg,생육기,2021-12-08 13:43:04,18
617684,C11_L01_03_001_617684.jpg,생육기,2021-12-08 15:43:04,19
617692,C11_L01_03_001_617692.jpg,생육기,2021-12-08 16:43:04,19
617700,C11_L01_03_001_617700.jpg,생육기,2021-12-08 17:43:04,19
696815,C11_L01_03_001_696815.jpg,생육기,2021-12-09 06:43:04,19
696832,C11_L01_03_001_696832.jpg,생육기,2021-12-09 07:43:04,19
696849,C11_L01_03_001_696849.jpg,생육기,2021-12-09 08:43:04,19
696857,C11_L01_03_001_696857.jpg,생육기,2021-12-09 09:43:04,19
696865,C11_L01_03_001_696865.jpg,생육기,2021-12-09 10:43:04,19
696873,C11_L01_03_001_696873.jpg,생육기,2021-12-09 11:43:04,19
696881,C11_L01_03_001_696881.jpg,생육기,2021-12-09 12:43:04,19
696889,C11_L01_03_001_696889.jpg,생육기,2021-12-09 13:43:04,19
696897,C11_L01_03_001_696897.jpg,생육기,2021-12-09 14:43:04,19
696913,C11_L01_03_001_696913.jpg,생육기,2021-12-09 17:43:04,20
696921,C11_L01_03_001_696921.jpg,생육기,2021-12-10 06:43:04,20
696929,C11_L01_03_001_696929.jpg,생육기,2021-12-10 07:43:04,20
696932,C11_L01_03_001_696932.jpg,생육기,2021-12-10 08:43:04,20
696940,C11_L01_03_001_696940.jpg,생육기,2021-12-10 09:43:04,20
696948,C11_L01_03_001_696948.jpg,생육기,2021-12-10 10:43:04,20
696956,C11_L01_03_001_696956.jpg,생육기,2021-12-10 11:43:04,20
696964,C11_L01_03_001_696964.jpg,생육기,2021-12-10 12:43:04,20
696972,C11_L01_03_001_696972.jpg,생육기,2021-12-10 13:43:04,20
696980,C11_L01_03_001_696980.jpg,생육기,2021-12-10 14:43:04,20
696993,C11_L01_03_001_696993.jpg,생육기,2021-12-10 15:43:04,21
697072,C11_L01_03_001_697072.jpg,생육기,2021-12-10 16:43:04,21
697148,C11_L01_03_001_697148.jpg,생육기,2021-12-11 06:43:04,21
611528,C11_L01_03_002_611528.jpg,정식기,2021-11-19 15:42:30,0
611536,C11_L01_03_002_611536.jpg,정식기,2021-11-19 16:43:04,0
611539,C11_L01_03_002_611539.jpg,정식기,2021-11-19 17:43:04,0
611572,C11_L01_03_002_611572.jpg,정식기,2021-11-20 07:43:04,0
611584,C11_L01_03_002_611584.jpg,정식기,2021-11-20 08:43:04,0
611596,C11_L01_03_002_611596.jpg,정식기,2021-11-20 09:43:04,0
611604,C11_L01_03_002_611604.jpg,정식기,2021-11-20 10:43:04,0
611628,C11_L01_03_002_611628.jpg,정식기,2021-11-20 12:43:04,0
611676,C11_L01_03_002_611676.jpg,정식기,2021-11-20 14:43:04,0
611697,C11_L01_03_002_611697.jpg,정식기,2021-11-20 15:43:04,1
611709,C11_L01_03_002_611709.jpg,정식기,2021-11-20 16:43:04,1
611808,C11_L01_03_002_611808.jpg,정식기,2021-11-21 09:43:04,1
611816,C11_L01_03_002_611816.jpg,정식기,2021-11-21 10:43:04,1
611840,C11_L01_03_002_611840.jpg,정식기,2021-11-21 12:43:04,1
611852,C11_L01_03_002_611852.jpg,정식기,2021-11-21 13:43:04,1
611864,C11_L01_03_002_611864.jpg,정식기,2021-11-21 14:43:04,1
611876,C11_L01_03_002_611876.jpg,정식기,2021-11-21 15:43:04,2
611900,C11_L01_03_002_611900.jpg,정식기,2021-11-21 17:43:04,2
611957,C11_L01_03_002_611957.jpg,정식기,2021-11-22 07:43:04,2
611965,C11_L01_03_002_611965.jpg,정식기,2021-11-22 08:43:04,2
611977,C11_L01_03_002_611977.jpg,정식기,2021-11-22 09:43:04,2
611989,C11_L01_03_002_611989.jpg,정식기,2021-11-22 10:43:04,2
612000,C11_L01_03_002_612000.jpg,정식기,2021-11-22 11:43:04,2
612021,C11_L01_03_002_612021.jpg,정식기,2021-11-22 12:43:04,2
612033,C11_L01_03_002_612033.jpg,정식기,2021-11-22 13:43:04,2
612076,C11_L01_03_002_612076.jpg,정식기,2021-11-22 15:43:04,3
612251,C11_L01_03_002_612251.jpg,정식기,2021-11-23 06:43:04,3
612259,C11_L01_03_002_612259.jpg,정식기,2021-11-23 07:43:04,3
612267,C11_L01_03_002_612267.jpg,정식기,2021-11-23 08:43:04,3
612275,C11_L01_03_002_612275.jpg,정식기,2021-11-23 09:43:04,3
612299,C11_L01_03_002_612299.jpg,정식기,2021-11-23 12:43:04,3
612315,C11_L01_03_002_612315.jpg,정식기,2021-11-23 14:43:04,3
612323,C11_L01_03_002_612323.jpg,정식기,2021-11-23 15:43:04,4
612331,C11_L01_03_002_612331.jpg,정식기,2021-11-23 16:43:04,4
612382,C11_L01_03_002_612382.jpg,정식기,2021-11-24 10:43:04,4
612390,C11_L01_03_002_612390.jpg,정식기,2021-11-24 11:43:04,4
612395,C11_L01_03_002_612395.jpg,정식기,2021-11-24 12:43:04,4
612403,C11_L01_03_002_612403.jpg,정식기,2021-11-24 13:43:04,4
612411,C11_L01_03_002_612411.jpg,정식기,2021-11-24 14:43:04,4
612419,C11_L01_03_002_612419.jpg,정식기,2021-11-24 15:43:04,5
612427,C11_L01_03_002_612427.jpg,정식기,2021-11-24 16:43:04,5
612435,C11_L01_03_002_612435.jpg,정식기,2021-11-24 17:43:04,5
612461,C11_L01_03_002_612461.jpg,정식기,2021-11-25 06:43:04,5
612469,C11_L01_03_002_612469.jpg,정식기,2021-11-25 07:43:04,5
612477,C11_L01_03_002_612477.jpg,정식기,2021-11-25 08:43:04,5
612485,C11_L01_03_002_612485.jpg,정식기,2021-11-25 09:43:04,5
612493,C11_L01_03_002_612493.jpg,정식기,2021-11-25 10:43:04,5
612501,C11_L01_03_002_612501.jpg,정식기,2021-11-25 11:43:04,5
612517,C11_L01_03_002_612517.jpg,정식기,2021-11-25 13:43:04,5
612527,C11_L01_03_002_612527.jpg,정식기,2021-11-25 14:43:04,5
612543,C11_L01_03_002_612543.jpg,정식기,2021-11-25 16:43:04,6
612551,C11_L01_03_002_612551.jpg,정식기,2021-11-25 17:43:04,6
612559,C11_L01_03_002_612559.jpg,정식기,2021-11-26 06:43:04,6
612567,C11_L01_03_002_612567.jpg,정식기,2021-11-26 07:43:04,6
612575,C11_L01_03_002_612575.jpg,정식기,2021-11-26 08:43:04,6
612583,C11_L01_03_002_612583.jpg,정식기,2021-11-26 09:43:04,6
612595,C11_L01_03_002_612595.jpg,정식기,2021-11-26 10:43:04,6
612629,C11_L01_03_002_612629.jpg,정식기,2021-11-26 11:43:04,6
612637,C11_L01_03_002_612637.jpg,정식기,2021-11-26 12:43:04,6
612645,C11_L01_03_002_612645.jpg,정식기,2021-11-26 13:43:04,6
612653,C11_L01_03_002_612653.jpg,정식기,2021-11-26 14:43:04,6
612661,C11_L01_03_002_612661.jpg,정식기,2021-11-26 15:43:04,7
612669,C11_L01_03_002_612669.jpg,정식기,2021-11-26 16:43:04,7
612677,C11_L01_03_002_612677.jpg,정식기,2021-11-26 17:43:04,7
612685,C11_L01_03_002_612685.jpg,정식기,2021-11-27 06:43:04,7
612719,C11_L01_03_002_612719.jpg,정식기,2021-11-27 08:43:04,7
612727,C11_L01_03_002_612727.jpg,정식기,2021-11-27 09:43:04,7
612752,C11_L01_03_002_612752.jpg,정식기,2021-11-27 11:43:04,7
612775,C11_L01_03_002_612775.jpg,정식기,2021-11-27 12:43:04,7
612797,C11_L01_03_002_612797.jpg,정식기,2021-11-27 14:43:04,7
612805,C11_L01_03_002_612805.jpg,정식기,2021-11-27 15:43:04,8
612822,C11_L01_03_002_612822.jpg,정식기,2021-11-27 16:43:04,8
612830,C11_L01_03_002_612830.jpg,정식기,2021-11-27 17:43:04,8
612844,C11_L01_03_002_612844.jpg,정식기,2021-11-28 06:43:04,8
612852,C11_L01_03_002_612852.jpg,정식기,2021-11-28 07:43:04,8
612932,C11_L01_03_002_612932.jpg,정식기,2021-11-28 11:43:04,8
612949,C11_L01_03_002_612949.jpg,정식기,2021-11-28 12:43:04,8
612975,C11_L01_03_002_612975.jpg,정식기,2021-11-28 14:43:04,8
612998,C11_L01_03_002_612998.jpg,정식기,2021-11-28 17:43:04,9
613010,C11_L01_03_002_613010.jpg,생육기,2021-11-29 06:43:04,9
613049,C11_L01_03_002_613049.jpg,생육기,2021-11-29 09:43:04,9
613056,C11_L01_03_002_613056.jpg,생육기,2021-11-29 11:43:04,9
613100,C11_L01_03_002_613100.jpg,생육기,2021-11-29 14:43:04,9
613108,C11_L01_03_002_613108.jpg,생육기,2021-11-29 15:43:04,10
613116,C11_L01_03_002_613116.jpg,생육기,2021-11-29 16:43:04,10
613124,C11_L01_03_002_613124.jpg,생육기,2021-11-29 17:43:04,10
613197,C11_L01_03_002_613197.jpg,생육기,2021-11-30 06:43:04,10
613223,C11_L01_03_002_613223.jpg,생육기,2021-11-30 07:43:04,10
613253,C11_L01_03_002_613253.jpg,생육기,2021-11-30 09:43:04,10
613280,C11_L01_03_002_613280.jpg,생육기,2021-11-30 11:43:04,10
613298,C11_L01_03_002_613298.jpg,생육기,2021-11-30 12:43:04,10
613306,C11_L01_03_002_613306.jpg,생육기,2021-11-30 13:43:04,10
613418,C11_L01_03_002_613418.jpg,생육기,2021-11-30 14:43:04,10
613426,C11_L01_03_002_613426.jpg,생육기,2021-11-30 15:43:04,11
613434,C11_L01_03_002_613434.jpg,생육기,2021-11-30 16:43:04,11
613442,C11_L01_03_002_613442.jpg,생육기,2021-11-30 17:43:04,11
613495,C11_L01_03_002_613495.jpg,생육기,2021-12-01 06:43:04,11
613520,C11_L01_03_002_613520.jpg,생육기,2021-12-01 08:43:04,11
613536,C11_L01_03_002_613536.jpg,생육기,2021-12-01 10:43:04,11
613544,C11_L01_03_002_613544.jpg,생육기,2021-12-01 11:43:04,11
613552,C11_L01_03_002_613552.jpg,생육기,2021-12-01 12:43:04,11
613568,C11_L01_03_002_613568.jpg,생육기,2021-12-01 14:43:04,11
613576,C11_L01_03_002_613576.jpg,생육기,2021-12-01 15:43:04,12
613584,C11_L01_03_002_613584.jpg,생육기,2021-12-01 16:43:04,12
613592,C11_L01_03_002_613592.jpg,생육기,2021-12-01 17:43:04,12
613642,C11_L01_03_002_613642.jpg,생육기,2021-12-02 09:43:04,12
613650,C11_L01_03_002_613650.jpg,생육기,2021-12-02 10:43:04,12
613665,C11_L01_03_002_613665.jpg,생육기,2021-12-02 11:43:04,12
613680,C11_L01_03_002_613680.jpg,생육기,2021-12-02 12:43:04,12
613688,C11_L01_03_002_613688.jpg,생육기,2021-12-02 13:43:04,12
613702,C11_L01_03_002_613702.jpg,생육기,2021-12-02 14:43:04,12
613718,C11_L01_03_002_613718.jpg,생육기,2021-12-02 16:43:04,13
613726,C11_L01_03_002_613726.jpg,생육기,2021-12-02 17:43:04,13
613750,C11_L01_03_002_613750.jpg,생육기,2021-12-03 06:43:04,13
613758,C11_L01_03_002_613758.jpg,생육기,2021-12-03 07:43:04,13
613782,C11_L01_03_002_613782.jpg,생육기,2021-12-03 10:43:04,13
613800,C11_L01_03_002_613800.jpg,생육기,2021-12-03 12:43:04,13
613808,C11_L01_03_002_613808.jpg,생육기,2021-12-03 13:43:04,13
613816,C11_L01_03_002_613816.jpg,생육기,2021-12-03 14:43:04,13
613836,C11_L01_03_002_613836.jpg,생육기,2021-12-03 16:43:04,14
613844,C11_L01_03_002_613844.jpg,생육기,2021-12-03 17:43:04,14
613891,C11_L01_03_002_613891.jpg,생육기,2021-12-04 06:43:04,14
613899,C11_L01_03_002_613899.jpg,생육기,2021-12-04 07:43:04,14
613935,C11_L01_03_002_613935.jpg,생육기,2021-12-04 08:43:04,14
613949,C11_L01_03_002_613949.jpg,생육기,2021-12-04 09:43:04,14
613961,C11_L01_03_002_613961.jpg,생육기,2021-12-04 10:43:04,14
613977,C11_L01_03_002_613977.jpg,생육기,2021-12-04 12:43:04,14
613985,C11_L01_03_002_613985.jpg,생육기,2021-12-04 13:43:04,14
613993,C11_L01_03_002_613993.jpg,생육기,2021-12-04 14:43:04,14
614001,C11_L01_03_002_614001.jpg,생육기,2021-12-04 15:43:04,15
614009,C11_L01_03_002_614009.jpg,생육기,2021-12-04 16:43:04,15
614017,C11_L01_03_002_614017.jpg,생육기,2021-12-04 17:43:04,15
614025,C11_L01_03_002_614025.jpg,생육기,2021-12-05 06:43:04,15
614033,C11_L01_03_002_614033.jpg,생육기,2021-12-05 07:43:04,15
614041,C11_L01_03_002_614041.jpg,생육기,2021-12-05 08:43:04,15
614049,C11_L01_03_002_614049.jpg,생육기,2021-12-05 09:43:04,15
614057,C11_L01_03_002_614057.jpg,생육기,2021-12-05 10:43:04,15
614065,C11_L01_03_002_614065.jpg,생육기,2021-12-05 11:43:04,15
614081,C11_L01_03_002_614081.jpg,생육기,2021-12-05 13:43:04,15
614090,C11_L01_03_002_614090.jpg,생육기,2021-12-05 15:43:04,16
614098,C11_L01_03_002_614098.jpg,생육기,2021-12-05 16:43:04,16
614175,C11_L01_03_002_614175.jpg,생육기,2021-12-05 17:43:04,16
614213,C11_L01_03_002_614213.jpg,생육기,2021-12-06 06:43:04,16
614221,C11_L01_03_002_614221.jpg,생육기,2021-12-06 07:43:04,16
614237,C11_L01_03_002_614237.jpg,생육기,2021-12-06 09:43:04,16
614245,C11_L01_03_002_614245.jpg,생육기,2021-12-06 10:43:04,16
614268,C11_L01_03_002_614268.jpg,생육기,2021-12-06 12:43:04,16
614269,C11_L01_03_002_614269.jpg,생육기,2021-12-06 13:43:04,16
614277,C11_L01_03_002_614277.jpg,생육기,2021-12-06 14:43:04,16
614285,C11_L01_03_002_614285.jpg,생육기,2021-12-06 15:43:04,17
614293,C11_L01_03_002_614293.jpg,생육기,2021-12-06 16:43:04,17
614309,C11_L01_03_002_614309.jpg,생육기,2021-12-07 06:43:04,17
614317,C11_L01_03_002_614317.jpg,생육기,2021-12-07 07:43:04,17
614325,C11_L01_03_002_614325.jpg,생육기,2021-12-07 08:43:04,17
614333,C11_L01_03_002_614333.jpg,생육기,2021-12-07 09:43:04,17
614341,C11_L01_03_002_614341.jpg,생육기,2021-12-07 10:43:04,17
614360,C11_L01_03_002_614360.jpg,생육기,2021-12-07 12:43:04,17
617109,C11_L01_03_002_617109.jpg,생육기,2021-12-07 13:43:04,17
617117,C11_L01_03_002_617117.jpg,생육기,2021-12-07 14:43:04,17
617133,C11_L01_03_002_617133.jpg,생육기,2021-12-07 16:43:04,18
617141,C11_L01_03_002_617141.jpg,생육기,2021-12-08 06:43:04,18
617149,C11_L01_03_002_617149.jpg,생육기,2021-12-08 07:43:04,18
617383,C11_L01_03_002_617383.jpg,생육기,2021-12-08 09:43:04,18
617659,C11_L01_03_002_617659.jpg,생육기,2021-12-08 12:43:04,18
617667,C11_L01_03_002_617667.jpg,생육기,2021-12-08 13:43:04,18
617683,C11_L01_03_002_617683.jpg,생육기,2021-12-08 15:43:04,19
617699,C11_L01_03_002_617699.jpg,생육기,2021-12-08 17:43:04,19
696831,C11_L01_03_002_696831.jpg,생육기,2021-12-09 07:43:04,19
696848,C11_L01_03_002_696848.jpg,생육기,2021-12-09 08:43:04,19
696856,C11_L01_03_002_696856.jpg,생육기,2021-12-09 09:43:04,19
696864,C11_L01_03_002_696864.jpg,생육기,2021-12-09 10:43:04,19
696896,C11_L01_03_002_696896.jpg,생육기,2021-12-09 14:43:04,19
696904,C11_L01_03_002_696904.jpg,생육기,2021-12-09 15:43:04,20
696912,C11_L01_03_002_696912.jpg,생육기,2021-12-09 17:43:04,20
696920,C11_L01_03_002_696920.jpg,생육기,2021-12-10 06:43:04,20
696928,C11_L01_03_002_696928.jpg,생육기,2021-12-10 07:43:04,20
696933,C11_L01_03_002_696933.jpg,생육기,2021-12-10 08:43:04,20
696957,C11_L01_03_002_696957.jpg,생육기,2021-12-10 11:43:04,20
696965,C11_L01_03_002_696965.jpg,생육기,2021-12-10 12:43:04,20
696973,C11_L01_03_002_696973.jpg,생육기,2021-12-10 13:43:04,20
696981,C11_L01_03_002_696981.jpg,생육기,2021-12-10 14:43:04,20
696992,C11_L01_03_002_696992.jpg,생육기,2021-12-10 15:43:04,21
697071,C11_L01_03_002_697071.jpg,생육기,2021-12-10 16:43:04,21
697079,C11_L01_03_002_697079.jpg,생육기,2021-12-10 17:43:04,21
697147,C11_L01_03_002_697147.jpg,생육기,2021-12-11 06:43:04,21
697163,C11_L01_03_002_697163.jpg,생육기,2021-12-11 08:43:04,21
697171,C11_L01_03_002_697171.jpg,생육기,2021-12-11 09:43:04,21
697179,C11_L01_03_002_697179.jpg,생육기,2021-12-11 10:43:04,21
697253,C11_L01_03_002_697253.jpg,생육기,2021-12-11 11:43:04,21
697339,C11_L01_03_002_697339.jpg,생육기,2021-12-11 12:43:04,21
697447,C11_L01_03_002_697447.jpg,생육기,2021-12-11 14:43:04,21
697455,C11_L01_03_002_697455.jpg,생육기,2021-12-11 15:43:04,22
697546,C11_L01_03_002_697546.jpg,생육기,2021-12-12 07:43:04,22
697554,C11_L01_03_002_697554.jpg,생육기,2021-12-12 08:43:04,22
697598,C11_L01_03_002_697598.jpg,생육기,2021-12-12 09:43:04,22
697624,C11_L01_03_002_697624.jpg,생육기,2021-12-12 10:43:04,22
697632,C11_L01_03_002_697632.jpg,생육기,2021-12-12 11:43:04,22
697647,C11_L01_03_002_697647.jpg,생육기,2021-12-12 12:43:04,22
697655,C11_L01_03_002_697655.jpg,생육기,2021-12-12 13:43:04,22
697663,C11_L01_03_002_697663.jpg,생육기,2021-12-12 14:43:04,22
697664,C11_L01_03_002_697664.jpg,생육기,2021-12-12 15:43:04,23
697672,C11_L01_03_002_697672.jpg,생육기,2021-12-12 16:43:04,23
697688,C11_L01_03_002_697688.jpg,생육기,2021-12-13 06:43:04,23
697696,C11_L01_03_002_697696.jpg,생육기,2021-12-13 07:43:04,23
697704,C11_L01_03_002_697704.jpg,생육기,2021-12-13 08:43:04,23
697712,C11_L01_03_002_697712.jpg,생육기,2021-12-13 09:43:04,23
697720,C11_L01_03_002_697720.jpg,생육기,2021-12-13 10:43:04,23
697728,C11_L01_03_002_697728.jpg,생육기,2021-12-13 11:43:04,23
697851,C11_L01_03_002_697851.jpg,생육기,2021-12-13 14:43:04,23
611527,C11_L01_03_003_611527.jpg,정식기,2021-11-19 15:42:30,0
611535,C11_L01_03_003_611535.jpg,정식기,2021-11-19 16:43:04,0
611561,C11_L01_03_003_611561.jpg,정식기,2021-11-20 06:43:04,0
611573,C11_L01_03_003_611573.jpg,정식기,2021-11-20 07:43:04,0
611585,C11_L01_03_003_611585.jpg,정식기,2021-11-20 08:43:04,0
611597,C11_L01_03_003_611597.jpg,정식기,2021-11-20 09:43:04,0
611605,C11_L01_03_003_611605.jpg,정식기,2021-11-20 10:43:04,0
611617,C11_L01_03_003_611617.jpg,정식기,2021-11-20 11:43:04,0
611629,C11_L01_03_003_611629.jpg,정식기,2021-11-20 12:43:04,0
611669,C11_L01_03_003_611669.jpg,정식기,2021-11-20 13:43:04,0
611677,C11_L01_03_003_611677.jpg,정식기,2021-11-20 14:43:04,0
611698,C11_L01_03_003_611698.jpg,정식기,2021-11-20 15:43:04,1
611710,C11_L01_03_003_611710.jpg,정식기,2021-11-20 16:43:04,1
611722,C11_L01_03_003_611722.jpg,정식기,2021-11-20 17:43:04,1
611743,C11_L01_03_003_611743.jpg,정식기,2021-11-21 06:43:04,1
611755,C11_L01_03_003_611755.jpg,정식기,2021-11-21 07:43:04,1
611767,C11_L01_03_003_611767.jpg,정식기,2021-11-21 08:43:04,1
611815,C11_L01_03_003_611815.jpg,정식기,2021-11-21 10:43:04,1
611827,C11_L01_03_003_611827.jpg,정식기,2021-11-21 11:43:04,1
611839,C11_L01_03_003_611839.jpg,정식기,2021-11-21 12:43:04,1
611851,C11_L01_03_003_611851.jpg,정식기,2021-11-21 13:43:04,1
611863,C11_L01_03_003_611863.jpg,정식기,2021-11-21 14:43:04,1
611875,C11_L01_03_003_611875.jpg,정식기,2021-11-21 15:43:04,2
611887,C11_L01_03_003_611887.jpg,정식기,2021-11-21 16:43:04,2
611956,C11_L01_03_003_611956.jpg,정식기,2021-11-22 07:43:04,2
611976,C11_L01_03_003_611976.jpg,정식기,2021-11-22 09:43:04,2
611988,C11_L01_03_003_611988.jpg,정식기,2021-11-22 10:43:04,2
611999,C11_L01_03_003_611999.jpg,정식기,2021-11-22 11:43:04,2
612020,C11_L01_03_003_612020.jpg,정식기,2021-11-22 12:43:04,2
612077,C11_L01_03_003_612077.jpg,정식기,2021-11-22 15:43:04,3
612089,C11_L01_03_003_612089.jpg,정식기,2021-11-22 16:43:04,3
612250,C11_L01_03_003_612250.jpg,정식기,2021-11-23 06:43:04,3
612282,C11_L01_03_003_612282.jpg,정식기,2021-11-23 10:43:04,3
612290,C11_L01_03_003_612290.jpg,정식기,2021-11-23 11:43:04,3
612298,C11_L01_03_003_612298.jpg,정식기,2021-11-23 12:43:04,3
612306,C11_L01_03_003_612306.jpg,정식기,2021-11-23 13:43:04,3
612314,C11_L01_03_003_612314.jpg,정식기,2021-11-23 14:43:04,3
612322,C11_L01_03_003_612322.jpg,정식기,2021-11-23 15:43:04,4
612330,C11_L01_03_003_612330.jpg,정식기,2021-11-23 16:43:04,4
612338,C11_L01_03_003_612338.jpg,정식기,2021-11-23 17:43:04,4
612346,C11_L01_03_003_612346.jpg,정식기,2021-11-24 06:43:04,4
612354,C11_L01_03_003_612354.jpg,정식기,2021-11-24 07:43:04,4
612367,C11_L01_03_003_612367.jpg,정식기,2021-11-24 08:43:04,4
612375,C11_L01_03_003_612375.jpg,정식기,2021-11-24 09:43:04,4
612383,C11_L01_03_003_612383.jpg,정식기,2021-11-24 10:43:04,4
612391,C11_L01_03_003_612391.jpg,정식기,2021-11-24 11:43:04,4
612402,C11_L01_03_003_612402.jpg,정식기,2021-11-24 13:43:04,4
612410,C11_L01_03_003_612410.jpg,정식기,2021-11-24 14:43:04,4
612418,C11_L01_03_003_612418.jpg,정식기,2021-11-24 15:43:04,5
612426,C11_L01_03_003_612426.jpg,정식기,2021-11-24 16:43:04,5
612434,C11_L01_03_003_612434.jpg,정식기,2021-11-24 17:43:04,5
612460,C11_L01_03_003_612460.jpg,정식기,2021-11-25 06:43:04,5
612468,C11_L01_03_003_612468.jpg,정식기,2021-11-25 07:43:04,5
612476,C11_L01_03_003_612476.jpg,정식기,2021-11-25 08:43:04,5
612484,C11_L01_03_003_612484.jpg,정식기,2021-11-25 09:43:04,5
612492,C11_L01_03_003_612492.jpg,정식기,2021-11-25 10:43:04,5
612500,C11_L01_03_003_612500.jpg,정식기,2021-11-25 11:43:04,5
612508,C11_L01_03_003_612508.jpg,정식기,2021-11-25 12:43:04,5
612516,C11_L01_03_003_612516.jpg,정식기,2021-11-25 13:43:04,5
612526,C11_L01_03_003_612526.jpg,정식기,2021-11-25 14:43:04,5
612534,C11_L01_03_003_612534.jpg,정식기,2021-11-25 15:43:04,6
612542,C11_L01_03_003_612542.jpg,정식기,2021-11-25 16:43:04,6
612550,C11_L01_03_003_612550.jpg,정식기,2021-11-25 17:43:04,6
612558,C11_L01_03_003_612558.jpg,정식기,2021-11-26 06:43:04,6
612566,C11_L01_03_003_612566.jpg,정식기,2021-11-26 07:43:04,6
612574,C11_L01_03_003_612574.jpg,정식기,2021-11-26 08:43:04,6
612582,C11_L01_03_003_612582.jpg,정식기,2021-11-26 09:43:04,6
612594,C11_L01_03_003_612594.jpg,정식기,2021-11-26 10:43:04,6
612652,C11_L01_03_003_612652.jpg,정식기,2021-11-26 14:43:04,6
612668,C11_L01_03_003_612668.jpg,정식기,2021-11-26 16:43:04,7
612676,C11_L01_03_003_612676.jpg,정식기,2021-11-26 17:43:04,7
612684,C11_L01_03_003_612684.jpg,정식기,2021-11-27 06:43:04,7
612701,C11_L01_03_003_612701.jpg,정식기,2021-11-27 07:43:04,7
612718,C11_L01_03_003_612718.jpg,정식기,2021-11-27 08:43:04,7
612726,C11_L01_03_003_612726.jpg,정식기,2021-11-27 09:43:04,7
612743,C11_L01_03_003_612743.jpg,정식기,2021-11-27 10:43:04,7
612751,C11_L01_03_003_612751.jpg,정식기,2021-11-27 11:43:04,7
612774,C11_L01_03_003_612774.jpg,정식기,2021-11-27 12:43:04,7
612788,C11_L01_03_003_612788.jpg,정식기,2021-11-27 13:43:04,7
612796,C11_L01_03_003_612796.jpg,정식기,2021-11-27 14:43:04,7
612804,C11_L01_03_003_612804.jpg,정식기,2021-11-27 15:43:04,8
612821,C11_L01_03_003_612821.jpg,정식기,2021-11-27 16:43:04,8
612829,C11_L01_03_003_612829.jpg,정식기,2021-11-27 17:43:04,8
612851,C11_L01_03_003_612851.jpg,정식기,2021-11-28 07:43:04,8
612898,C11_L01_03_003_612898.jpg,정식기,2021-11-28 08:43:04,8
612906,C11_L01_03_003_612906.jpg,정식기,2021-11-28 09:43:04,8
612923,C11_L01_03_003_612923.jpg,정식기,2021-11-28 10:43:04,8
612931,C11_L01_03_003_612931.jpg,정식기,2021-11-28 11:43:04,8
612948,C11_L01_03_003_612948.jpg,정식기,2021-11-28 12:43:04,8
612968,C11_L01_03_003_612968.jpg,정식기,2021-11-28 13:43:04,8
612976,C11_L01_03_003_612976.jpg,정식기,2021-11-28 14:43:04,8
612981,C11_L01_03_003_612981.jpg,정식기,2021-11-28 15:43:04,9
612989,C11_L01_03_003_612989.jpg,정식기,2021-11-28 16:43:04,9
612997,C11_L01_03_003_612997.jpg,정식기,2021-11-28 17:43:04,9
613009,C11_L01_03_003_613009.jpg,생육기,2021-11-29 06:43:04,9
613023,C11_L01_03_003_613023.jpg,생육기,2021-11-29 07:43:04,9
613048,C11_L01_03_003_613048.jpg,생육기,2021-11-29 09:43:04,9
613057,C11_L01_03_003_613057.jpg,생육기,2021-11-29 11:43:04,9
613065,C11_L01_03_003_613065.jpg,생육기,2021-11-29 13:43:04,9
613099,C11_L01_03_003_613099.jpg,생육기,2021-11-29 14:43:04,9
613107,C11_L01_03_003_613107.jpg,생육기,2021-11-29 15:43:04,10
613115,C11_L01_03_003_613115.jpg,생육기,2021-11-29 16:43:04,10
613123,C11_L01_03_003_613123.jpg,생육기,2021-11-29 17:43:04,10
613196,C11_L01_03_003_613196.jpg,생육기,2021-11-30 06:43:04,10
613222,C11_L01_03_003_613222.jpg,생육기,2021-11-30 07:43:04,10
613236,C11_L01_03_003_613236.jpg,생육기,2021-11-30 08:43:04,10
613252,C11_L01_03_003_613252.jpg,생육기,2021-11-30 09:43:04,10
613279,C11_L01_03_003_613279.jpg,생육기,2021-11-30 11:43:04,10
613297,C11_L01_03_003_613297.jpg,생육기,2021-11-30 12:43:04,10
613419,C11_L01_03_003_613419.jpg,생육기,2021-11-30 14:43:04,10
613427,C11_L01_03_003_613427.jpg,생육기,2021-11-30 15:43:04,11
613435,C11_L01_03_003_613435.jpg,생육기,2021-11-30 16:43:04,11
613443,C11_L01_03_003_613443.jpg,생육기,2021-11-30 17:43:04,11
613496,C11_L01_03_003_613496.jpg,생육기,2021-12-01 06:43:04,11
613504,C11_L01_03_003_613504.jpg,생육기,2021-12-01 07:43:04,11
613529,C11_L01_03_003_613529.jpg,생육기,2021-12-01 09:43:04,11
613537,C11_L01_03_003_613537.jpg,생육기,2021-12-01 10:43:04,11
613545,C11_L01_03_003_613545.jpg,생육기,2021-12-01 11:43:04,11
613553,C11_L01_03_003_613553.jpg,생육기,2021-12-01 12:43:04,11
613561,C11_L01_03_003_613561.jpg,생육기,2021-12-01 13:43:04,11
613569,C11_L01_03_003_613569.jpg,생육기,2021-12-01 14:43:04,11
613577,C11_L01_03_003_613577.jpg,생육기,2021-12-01 15:43:04,12
613585,C11_L01_03_003_613585.jpg,생육기,2021-12-01 16:43:04,12
613593,C11_L01_03_003_613593.jpg,생육기,2021-12-01 17:43:04,12
613601,C11_L01_03_003_613601.jpg,생육기,2021-12-02 06:43:04,12
613609,C11_L01_03_003_613609.jpg,생육기,2021-12-02 07:43:04,12
613626,C11_L01_03_003_613626.jpg,생육기,2021-12-02 08:43:04,12
613651,C11_L01_03_003_613651.jpg,생육기,2021-12-02 10:43:04,12
613666,C11_L01_03_003_613666.jpg,생육기,2021-12-02 11:43:04,12
613679,C11_L01_03_003_613679.jpg,생육기,2021-12-02 12:43:04,12
613687,C11_L01_03_003_613687.jpg,생육기,2021-12-02 13:43:04,12
613701,C11_L01_03_003_613701.jpg,생육기,2021-12-02 14:43:04,12
613725,C11_L01_03_003_613725.jpg,생육기,2021-12-02 17:43:04,13
613749,C11_L01_03_003_613749.jpg,생육기,2021-12-03 06:43:04,13
613757,C11_L01_03_003_613757.jpg,생육기,2021-12-03 07:43:04,13
613765,C11_L01_03_003_613765.jpg,생육기,2021-12-03 08:43:04,13
613773,C11_L01_03_003_613773.jpg,생육기,2021-12-03 09:43:04,13
613781,C11_L01_03_003_613781.jpg,생육기,2021-12-03 10:43:04,13
613789,C11_L01_03_003_613789.jpg,생육기,2021-12-03 11:43:04,13
613799,C11_L01_03_003_613799.jpg,생육기,2021-12-03 12:43:04,13
613807,C11_L01_03_003_613807.jpg,생육기,2021-12-03 13:43:04,13
613815,C11_L01_03_003_613815.jpg,생육기,2021-12-03 14:43:04,13
613827,C11_L01_03_003_613827.jpg,생육기,2021-12-03 15:43:04,14
613843,C11_L01_03_003_613843.jpg,생육기,2021-12-03 17:43:04,14
613898,C11_L01_03_003_613898.jpg,생육기,2021-12-04 07:43:04,14
613948,C11_L01_03_003_613948.jpg,생육기,2021-12-04 09:43:04,14
613960,C11_L01_03_003_613960.jpg,생육기,2021-12-04 10:43:04,14
613968,C11_L01_03_003_613968.jpg,생육기,2021-12-04 11:43:04,14
613976,C11_L01_03_003_613976.jpg,생육기,2021-12-04 12:43:04,14
613984,C11_L01_03_003_613984.jpg,생육기,2021-12-04 13:43:04,14
613992,C11_L01_03_003_613992.jpg,생육기,2021-12-04 14:43:04,14
614000,C11_L01_03_003_614000.jpg,생육기,2021-12-04 15:43:04,15
614008,C11_L01_03_003_614008.jpg,생육기,2021-12-04 16:43:04,15
614024,C11_L01_03_003_614024.jpg,생육기,2021-12-05 06:43:04,15
614040,C11_L01_03_003_614040.jpg,생육기,2021-12-05 08:43:04,15
614048,C11_L01_03_003_614048.jpg,생육기,2021-12-05 09:43:04,15
614056,C11_L01_03_003_614056.jpg,생육기,2021-12-05 10:43:04,15
614064,C11_L01_03_003_614064.jpg,생육기,2021-12-05 11:43:04,15
614072,C11_L01_03_003_614072.jpg,생육기,2021-12-05 12:43:04,15
614080,C11_L01_03_003_614080.jpg,생육기,2021-12-05 13:43:04,15
614089,C11_L01_03_003_614089.jpg,생육기,2021-12-05 14:43:04,15
614097,C11_L01_03_003_614097.jpg,생육기,2021-12-05 15:43:04,16
614105,C11_L01_03_003_614105.jpg,생육기,2021-12-05 16:43:04,16
614182,C11_L01_03_003_614182.jpg,생육기,2021-12-05 17:43:04,16
614220,C11_L01_03_003_614220.jpg,생육기,2021-12-06 06:43:04,16
614228,C11_L01_03_003_614228.jpg,생육기,2021-12-06 07:43:04,16
614236,C11_L01_03_003_614236.jpg,생육기,2021-12-06 08:43:04,16
614244,C11_L01_03_003_614244.jpg,생육기,2021-12-06 09:43:04,16
614252,C11_L01_03_003_614252.jpg,생육기,2021-12-06 10:43:04,16
614253,C11_L01_03_003_614253.jpg,생육기,2021-12-06 11:43:04,16
614261,C11_L01_03_003_614261.jpg,생육기,2021-12-06 12:43:04,16
614276,C11_L01_03_003_614276.jpg,생육기,2021-12-06 13:43:04,16
614284,C11_L01_03_003_614284.jpg,생육기,2021-12-06 14:43:04,16
614300,C11_L01_03_003_614300.jpg,생육기,2021-12-06 16:43:04,17
614316,C11_L01_03_003_614316.jpg,생육기,2021-12-07 06:43:04,17
614324,C11_L01_03_003_614324.jpg,생육기,2021-12-07 07:43:04,17
614332,C11_L01_03_003_614332.jpg,생육기,2021-12-07 08:43:04,17
614340,C11_L01_03_003_614340.jpg,생육기,2021-12-07 09:43:04,17
614348,C11_L01_03_003_614348.jpg,생육기,2021-12-07 10:43:04,17
614359,C11_L01_03_003_614359.jpg,생육기,2021-12-07 11:43:04,17
614367,C11_L01_03_003_614367.jpg,생육기,2021-12-07 12:43:04,17
617102,C11_L01_03_003_617102.jpg,생육기,2021-12-07 13:43:04,17
617118,C11_L01_03_003_617118.jpg,생육기,2021-12-07 15:43:04,18
617126,C11_L01_03_003_617126.jpg,생육기,2021-12-07 16:43:04,18
617134,C11_L01_03_003_617134.jpg,생육기,2021-12-08 06:43:04,18
617142,C11_L01_03_003_617142.jpg,생육기,2021-12-08 07:43:04,18
617156,C11_L01_03_003_617156.jpg,생육기,2021-12-08 08:43:04,18
617376,C11_L01_03_003_617376.jpg,생육기,2021-12-08 09:43:04,18
617428,C11_L01_03_003_617428.jpg,생육기,2021-12-08 10:43:04,18
617448,C11_L01_03_003_617448.jpg,생육기,2021-12-08 11:43:04,18
617666,C11_L01_03_003_617666.jpg,생육기,2021-12-08 12:43:04,18
617674,C11_L01_03_003_617674.jpg,생육기,2021-12-08 13:43:04,18
617682,C11_L01_03_003_617682.jpg,생육기,2021-12-08 14:43:04,18
617690,C11_L01_03_003_617690.jpg,생육기,2021-12-08 15:43:04,19
617698,C11_L01_03_003_617698.jpg,생육기,2021-12-08 16:43:04,19
617706,C11_L01_03_003_617706.jpg,생육기,2021-12-08 17:43:04,19
696847,C11_L01_03_003_696847.jpg,생육기,2021-12-09 08:43:04,19
696855,C11_L01_03_003_696855.jpg,생육기,2021-12-09 09:43:04,19
696863,C11_L01_03_003_696863.jpg,생육기,2021-12-09 10:43:04,19
696871,C11_L01_03_003_696871.jpg,생육기,2021-12-09 11:43:04,19
696887,C11_L01_03_003_696887.jpg,생육기,2021-12-09 13:43:04,19
696895,C11_L01_03_003_696895.jpg,생육기,2021-12-09 14:43:04,19
696911,C11_L01_03_003_696911.jpg,생육기,2021-12-09 17:43:04,20
696919,C11_L01_03_003_696919.jpg,생육기,2021-12-10 06:43:04,20
696927,C11_L01_03_003_696927.jpg,생육기,2021-12-10 07:43:04,20
696934,C11_L01_03_003_696934.jpg,생육기,2021-12-10 08:43:04,20
696942,C11_L01_03_003_696942.jpg,생육기,2021-12-10 09:43:04,20
696950,C11_L01_03_003_696950.jpg,생육기,2021-12-10 10:43:04,20
696966,C11_L01_03_003_696966.jpg,생육기,2021-12-10 12:43:04,20
696982,C11_L01_03_003_696982.jpg,생육기,2021-12-10 14:43:04,20
697070,C11_L01_03_003_697070.jpg,생육기,2021-12-10 16:43:04,21
697146,C11_L01_03_003_697146.jpg,생육기,2021-12-11 06:43:04,21
697162,C11_L01_03_003_697162.jpg,생육기,2021-12-11 08:43:04,21
611542,C11_L01_03_004_611542.jpg,정식기,2021-11-19 17:43:04,0
611557,C11_L01_03_004_611557.jpg,정식기,2021-11-20 06:43:04,0
611569,C11_L01_03_004_611569.jpg,정식기,2021-11-20 07:43:04,0
611593,C11_L01_03_004_611593.jpg,정식기,2021-11-20 09:43:04,0
611601,C11_L01_03_004_611601.jpg,정식기,2021-11-20 10:43:04,0
611625,C11_L01_03_004_611625.jpg,정식기,2021-11-20 12:43:04,0
611665,C11_L01_03_004_611665.jpg,정식기,2021-11-20 13:43:04,0
611694,C11_L01_03_004_611694.jpg,정식기,2021-11-20 15:43:04,1
611706,C11_L01_03_004_611706.jpg,정식기,2021-11-20 16:43:04,1
611718,C11_L01_03_004_611718.jpg,정식기,2021-11-20 17:43:04,1
611747,C11_L01_03_004_611747.jpg,정식기,2021-11-21 06:43:04,1
611759,C11_L01_03_004_611759.jpg,정식기,2021-11-21 07:43:04,1
611771,C11_L01_03_004_611771.jpg,정식기,2021-11-21 08:43:04,1
611813,C11_L01_03_004_611813.jpg,정식기,2021-11-21 09:43:04,1
611821,C11_L01_03_004_611821.jpg,정식기,2021-11-21 10:43:04,1
611833,C11_L01_03_004_611833.jpg,정식기,2021-11-21 11:43:04,1
611845,C11_L01_03_004_611845.jpg,정식기,2021-11-21 12:43:04,1
611857,C11_L01_03_004_611857.jpg,정식기,2021-11-21 13:43:04,1
611881,C11_L01_03_004_611881.jpg,정식기,2021-11-21 15:43:04,2
611893,C11_L01_03_004_611893.jpg,정식기,2021-11-21 16:43:04,2
611905,C11_L01_03_004_611905.jpg,정식기,2021-11-21 17:43:04,2
611950,C11_L01_03_004_611950.jpg,정식기,2021-11-22 06:43:04,2
611962,C11_L01_03_004_611962.jpg,정식기,2021-11-22 07:43:04,2
611970,C11_L01_03_004_611970.jpg,정식기,2021-11-22 08:43:04,2
611982,C11_L01_03_004_611982.jpg,정식기,2021-11-22 09:43:04,2
611994,C11_L01_03_004_611994.jpg,정식기,2021-11-22 10:43:04,2
612026,C11_L01_03_004_612026.jpg,정식기,2021-11-22 12:43:04,2
612038,C11_L01_03_004_612038.jpg,정식기,2021-11-22 13:43:04,2
612050,C11_L01_03_004_612050.jpg,정식기,2021-11-22 14:43:04,2
612083,C11_L01_03_004_612083.jpg,정식기,2021-11-22 16:43:04,3
612256,C11_L01_03_004_612256.jpg,정식기,2021-11-23 06:43:04,3
612272,C11_L01_03_004_612272.jpg,정식기,2021-11-23 08:43:04,3
612280,C11_L01_03_004_612280.jpg,정식기,2021-11-23 09:43:04,3
612288,C11_L01_03_004_612288.jpg,정식기,2021-11-23 10:43:04,3
612296,C11_L01_03_004_612296.jpg,정식기,2021-11-23 11:43:04,3
612304,C11_L01_03_004_612304.jpg,정식기,2021-11-23 12:43:04,3
612312,C11_L01_03_004_612312.jpg,정식기,2021-11-23 13:43:04,3
612336,C11_L01_03_004_612336.jpg,정식기,2021-11-23 16:43:04,4
612344,C11_L01_03_004_612344.jpg,정식기,2021-11-23 17:43:04,4
612351,C11_L01_03_004_612351.jpg,정식기,2021-11-24 06:43:04,4
612359,C11_L01_03_004_612359.jpg,정식기,2021-11-24 07:43:04,4
612362,C11_L01_03_004_612362.jpg,정식기,2021-11-24 08:43:04,4
